{"loss": 2.468105776642915e-05, "_timestamp": 1696601532.605572, "_runtime": 105.16778206825256, "_step": 5815, "validation_loss": 1.2085214593107738, "validation_accuracy": 0.837, "f1_score": 0.841130604288499}