{"loss": 0.42537015676498413, "_timestamp": 1696622787.3665183, "_runtime": 3.561101198196411, "_step": 249, "_wandb": {"runtime": 15}}