{"loss": 0.3967941403388977, "_timestamp": 1696585591.4591665, "_runtime": 4.34806752204895, "_step": 249, "_wandb": {"runtime": 2}}