{"loss": 0.3342234492301941, "_timestamp": 1696609224.194205, "_runtime": 5.069242000579834, "_step": 249, "_wandb": {"runtime": 3}}