{"loss": 0.37152379751205444, "_timestamp": 1696622493.9359188, "_runtime": 4.458099842071533, "_step": 249, "_wandb": {"runtime": 218}}