{"loss": 0.0, "_timestamp": 1696586923.9967396, "_runtime": 273.8344576358795, "_step": 25299, "validation_loss": 2.5035107022240046, "validation_accuracy": 0.8335, "f1_score": 0.8371638141809291}