{"loss": 0.6678515076637268, "_timestamp": 1696613244.4308727, "_runtime": 15.062119722366333, "_step": 249, "_wandb": {"runtime": 14}}