{"loss": 4.8631856770953164e-05, "_timestamp": 1696605717.540797, "_runtime": 55.12051200866699, "_step": 5562, "validation_loss": 0.7781327318128509, "validation_accuracy": 0.8605, "f1_score": 0.8655421686746988, "_wandb": {"runtime": 672}}