{"loss": 0.34353107213974, "_timestamp": 1696609193.044679, "_runtime": 4.790822982788086, "_step": 249, "_wandb": {"runtime": 23}}