{"loss": 0.6610152721405029, "_timestamp": 1696613797.9436288, "_runtime": 3.682403802871704, "_step": 249, "_wandb": {"runtime": 2}}