{"loss": 0.3020070195198059, "_timestamp": 1696622717.672668, "_runtime": 3.644087076187134, "_step": 249, "_wandb": {"runtime": 2}}