{"loss": 0.0, "_timestamp": 1696600222.8251843, "_runtime": 167.141339302063, "_step": 24540, "validation_loss": 0.8159086129023293, "validation_accuracy": 0.9225, "f1_score": 0.9198137609932747}