{"loss": 0.02352222427725792, "_timestamp": 1696626597.4512746, "_runtime": 29.76741051673889, "_step": 7777, "validation_loss": 0.26132821052202154, "validation_accuracy": 0.9115, "f1_score": 0.9018302828618968}