{"loss": 0.6748928427696228, "_timestamp": 1697486501.8660927, "_runtime": 10.732791662216187, "_step": 62, "_wandb": {"runtime": 7}}