{"loss": 0.35655418038368225, "_timestamp": 1696586621.0762923, "_runtime": 4.546216249465942, "_step": 249, "_wandb": {"runtime": 26}}