{"loss": 0.6737037897109985, "_timestamp": 1697486797.363443, "_runtime": 7.373734951019287, "_step": 62, "_wandb": {"runtime": 112}}