{"loss": 0.2711346745491028, "_timestamp": 1696609292.8911693, "_runtime": 4.292032241821289, "_step": 249}