{"loss": 0.2120666205883026, "_timestamp": 1696550504.9323387, "_runtime": 77.06650066375732, "_step": 20405, "validation_loss": 0.3122103956956712, "validation_accuracy": 0.862, "f1_score": 0.863905325443787}