{"loss": 0.6418506503105164, "_timestamp": 1696613717.9084456, "_runtime": 3.5270426273345947, "_step": 249, "_wandb": {"runtime": 74}}